[
  { "state": "Andhra Pradesh", "cities": ["Visakhapatnam", "Vijayawada", "Guntur", "Tirupati", "Kurnool"] },
  { "state": "Arunachal Pradesh", "cities": ["Itanagar", "Tawang", "Ziro", "Pasighat"] },
  { "state": "Assam", "cities": ["Guwahati", "Dibrugarh", "Silchar", "Jorhat", "Nagaon"] },
  { "state": "Bihar", "cities": ["Patna", "Gaya", "Bhagalpur", "Muzaffarpur", "Darbhanga"] },
  { "state": "Chhattisgarh", "cities": ["Raipur", "Bilaspur", "Durg", "Korba"] },
  { "state": "Goa", "cities": ["Panaji", "Vasco da Gama", "Margao", "Mapusa"] },
  { "state": "Gujarat", "cities": ["Ahmedabad", "Surat", "Vadodara", "Rajkot", "Bhavnagar", "Jamnagar", "Junagadh", "Gandhinagar", "Anand", "Mehsana", "Vapi", "Bharuch", "Bhuj"] },
  { "state": "Haryana", "cities": ["Gurgaon", "Faridabad", "Panipat", "Ambala", "Hisar", "Karnal"] },
  { "state": "Himachal Pradesh", "cities": ["Shimla", "Manali", "Dharamshala", "Baddi", "Solan"] },
  { "state": "Jharkhand", "cities": ["Ranchi", "Jamshedpur", "Dhanbad", "Bokaro"] },
  { "state": "Karnataka", "cities": ["Bengaluru", "Mysuru", "Mangalore", "Hubli", "Belgaum", "Udupi", "Davangere", "Ballari"] },
  { "state": "Kerala", "cities": ["Kochi", "Thiruvananthapuram", "Kozhikode", "Thrissur", "Kannur", "Kollam"] },
  { "state": "Madhya Pradesh", "cities": ["Bhopal", "Indore", "Jabalpur", "Gwalior", "Ujjain", "Sagar"] },
  { "state": "Maharashtra", "cities": ["Mumbai", "Pune", "Nagpur", "Nashik", "Aurangabad", "Thane", "Solapur", "Amravati", "Kolhapur", "Navi Mumbai"] },
  { "state": "Manipur", "cities": ["Imphal", "Churachandpur"] },
  { "state": "Meghalaya", "cities": ["Shillong", "Tura"] },
  { "state": "Mizoram", "cities": ["Aizawl", "Lunglei"] },
  { "state": "Nagaland", "cities": ["Kohima", "Dimapur"] },
  { "state": "Odisha", "cities": ["Bhubaneswar", "Cuttack", "Rourkela", "Sambalpur", "Balasore"] },
  { "state": "Punjab", "cities": ["Ludhiana", "Amritsar", "Jalandhar", "Patiala", "Mohali", "Bathinda"] },
  { "state": "Rajasthan", "cities": ["Jaipur", "Udaipur", "Jodhpur", "Kota", "Ajmer", "Bikaner", "Alwar", "Jaisalmer"] },
  { "state": "Sikkim", "cities": ["Gangtok"] },
  { "state": "Tamil Nadu", "cities": ["Chennai", "Coimbatore", "Madurai", "Tiruchirappalli", "Salem", "Tirunelveli", "Erode"] },
  { "state": "Telangana", "cities": ["Hyderabad", "Warangal", "Nizamabad", "Karimnagar"] },
  { "state": "Tripura", "cities": ["Agartala"] },
  { "state": "Uttar Pradesh", "cities": ["Lucknow", "Kanpur", "Varanasi", "Agra", "Noida", "Ghaziabad", "Prayagraj (Allahabad)", "Bareilly", "Meerut", "Gorakhpur"] },
  { "state": "Uttarakhand", "cities": ["Dehradun", "Haridwar", "Roorkee", "Haldwani", "Rishikesh"] },
  { "state": "West Bengal", "cities": ["Kolkata", "Siliguri", "Asansol", "Durgapur", "Howrah", "Kharagpur"] },
  { "state": "Delhi", "cities": ["New Delhi", "Dwarka", "Rohini", "Karol Bagh", "Connaught Place", "Saket"] },
  { "state": "Jammu and Kashmir", "cities": ["Srinagar", "Jammu", "Anantnag"] },
  { "state": "Ladakh", "cities": ["Leh", "Kargil"] }
]
